{"accuracy": [0.2970297038555145, 0.7029703259468079, 0.9009901285171509, 0.9009901285171509, 0.8910890817642212, 0.9405940771102905, 0.9702970385551453, 0.9702970385551453, 0.9702970385551453, 0.9801980257034302], "loss": [0.7039089202880859, 0.690604567527771, 0.676905632019043, 0.6532143354415894, 0.5491959452629089, 0.19628022611141205, 0.11321264505386353, 0.1062903180718422, 0.1190444678068161, 0.08747199922800064], "val_accuracy": [0.1666666716337204, 0.6666666865348816, 0.75, 0.75, 0.8333333134651184, 0.9166666865348816, 0.9166666865348816, 0.9166666865348816, 0.9166666865348816, 0.9166666865348816], "val_loss": [0.6970832943916321, 0.6892794966697693, 0.6779126524925232, 0.6290859580039978, 0.39928650856018066, 0.1348850131034851, 0.13668709993362427, 0.1567661017179489, 0.1635175198316574, 0.16595244407653809], "learning_rate": [0.0010000000474974513, 0.0010000000474974513, 0.0010000000474974513, 0.0010000000474974513, 0.0010000000474974513, 0.0010000000474974513, 0.0010000000474974513, 0.0010000000474974513, 0.0005000000237487257, 0.0005000000237487257]}